{"cameraMode":{"drawMode":0,"name":"Shaded","section":"Shading Mode"},"sceneLighting":false,"audioPlay":false,"sceneViewState":{"m_AlwaysRefresh":false,"showFog":true,"showSkybox":false,"showFlares":true,"showImageEffects":true,"showParticleSystems":true,"showVisualEffectGraphs":true,"m_FxEnabled":true},"in2DMode":false,"pivot":{"x":0.03735729679465294,"y":0.07703133672475815,"z":-0.0029191330540925266},"rotation":{"x":0.028156032785773279,"y":0.04650786891579628,"z":0.0013076589675620199,"w":-0.9985267519950867},"size":0.1886383593082428,"orthographic":false}